date_sett,price_front
12/30/2003,242.5
12/31/2003,246
1/2/2004,253.25
1/5/2004,253
1/6/2004,251.5
1/7/2004,250
1/8/2004,251.75
1/9/2004,251
1/12/2004,265.5
1/13/2004,268.5
1/14/2004,268.75
1/15/2004,268.75
1/16/2004,272.5
1/20/2004,275.25
1/21/2004,277.25
1/22/2004,276
1/23/2004,277
1/26/2004,281.25
1/27/2004,276.25
1/28/2004,270.75
1/29/2004,270
1/30/2004,276.25
2/2/2004,271.25
2/3/2004,273
2/4/2004,270.25
2/5/2004,275.25
2/6/2004,279
2/9/2004,284.25
2/10/2004,280
2/11/2004,284.25
2/12/2004,281.25
2/13/2004,282.5
2/17/2004,284
2/18/2004,279.75
2/19/2004,284.75
2/20/2004,284.75
2/23/2004,287.25
2/24/2004,290.75
2/25/2004,291.75
2/26/2004,296
2/27/2004,296.25
3/1/2004,296
3/2/2004,289.5
3/3/2004,290.5
3/4/2004,290.75
3/5/2004,290.5
3/8/2004,286.5
3/9/2004,295
3/10/2004,291.75
3/11/2004,293
3/12/2004,295.5
3/15/2004,307.5
3/16/2004,305.25
3/17/2004,308.25
3/18/2004,312
3/19/2004,312
3/22/2004,318.5
3/23/2004,315.75
3/24/2004,309.5
3/25/2004,306.75
3/26/2004,305.5
3/29/2004,305
3/30/2004,312.25
3/31/2004,320
4/1/2004,325.75
4/2/2004,330.5
4/5/2004,329.5
4/6/2004,326.75
4/7/2004,330
4/8/2004,330.5
4/12/2004,322.25
4/13/2004,311.75
4/14/2004,316.5
4/15/2004,307.5
4/16/2004,314.5
4/19/2004,311.25
4/20/2004,309.25
4/21/2004,304
4/22/2004,304
4/23/2004,303.5
4/26/2004,301.25
4/27/2004,309.25
4/28/2004,308.25
4/29/2004,314
4/30/2004,316.5
5/3/2004,318
5/4/2004,317.75
5/5/2004,314.25
5/6/2004,305.75
5/7/2004,307
5/10/2004,295.5
5/11/2004,296
5/12/2004,294.5
5/13/2004,289.75
5/14/2004,286.5
5/17/2004,295.25
5/18/2004,292
5/19/2004,298.5
5/20/2004,292.25
5/21/2004,290
5/24/2004,296
5/25/2004,303.75
5/26/2004,300.75
5/27/2004,298.75
5/28/2004,304
6/1/2004,324
6/2/2004,321.75
6/3/2004,310.75
6/4/2004,308.25
6/7/2004,300.25
6/8/2004,297
6/9/2004,297.5
6/10/2004,285.75
6/11/2004,285.75
6/14/2004,288.25
6/15/2004,280.25
6/16/2004,281.5
6/17/2004,277.75
6/18/2004,274.5
6/21/2004,274.5
6/22/2004,267.75
6/23/2004,274.5
6/24/2004,273.25
6/25/2004,276.25
6/28/2004,271.25
6/29/2004,268
6/30/2004,257.5
7/1/2004,257.5
7/2/2004,255.25
7/6/2004,249.5
7/7/2004,249.5
7/8/2004,244.5
7/9/2004,242.25
7/12/2004,244.5
7/13/2004,241.75
7/14/2004,242
7/15/2004,242.5
7/16/2004,239
7/19/2004,237
7/20/2004,234
7/21/2004,226.25
7/22/2004,219.25
7/23/2004,223.75
7/26/2004,223.25
7/27/2004,222.25
7/28/2004,218.5
7/29/2004,218.5
7/30/2004,217.25
8/2/2004,218.25
8/3/2004,219.25
8/4/2004,221.25
8/5/2004,224
8/6/2004,225.75
8/9/2004,227
8/10/2004,224.5
8/11/2004,220.75
8/12/2004,218
8/13/2004,217.75
8/16/2004,222.25
8/17/2004,228.5
8/18/2004,225.5
8/19/2004,229.25
8/20/2004,231.25
8/23/2004,234.25
8/24/2004,232.25
8/25/2004,228
8/26/2004,225.25
8/27/2004,220.25
8/30/2004,224.5
8/31/2004,227.75
9/1/2004,233.5
9/2/2004,227.75
9/3/2004,223.5
9/7/2004,219.25
9/8/2004,217
9/9/2004,217.5
9/10/2004,210.75
9/13/2004,210.25
9/14/2004,206.5
9/15/2004,218.5
9/16/2004,216.25
9/17/2004,215.25
9/20/2004,212.75
9/21/2004,212.75
9/22/2004,210.25
9/23/2004,207.75
9/24/2004,205.25
9/27/2004,207.75
9/28/2004,208.5
9/29/2004,207.25
9/30/2004,205.5
10/1/2004,206
10/4/2004,202.75
10/5/2004,204.5
10/6/2004,207.25
10/7/2004,206
10/8/2004,204.5
10/11/2004,204.75
10/12/2004,202.5
10/13/2004,205.25
10/14/2004,204.25
10/15/2004,206.75
10/18/2004,204
10/19/2004,207
10/20/2004,206
10/21/2004,204.25
10/22/2004,201.75
10/25/2004,205.25
10/26/2004,206.75
10/27/2004,206.25
10/28/2004,206.25
10/29/2004,202.5
11/1/2004,200
11/2/2004,199.75
11/3/2004,199
11/4/2004,197.5
11/5/2004,199.5
11/8/2004,198
11/9/2004,198
11/10/2004,198.25
11/11/2004,197.25
11/12/2004,200
11/15/2004,202.5
11/16/2004,203
11/17/2004,205.75
11/18/2004,204
11/19/2004,199.25
11/22/2004,197.5
11/23/2004,198
11/24/2004,197.75
11/26/2004,197
11/29/2004,193.25
11/30/2004,192.5
12/1/2004,191.5
12/2/2004,192.5
12/3/2004,196.25
12/6/2004,197.75
12/7/2004,193.75
12/8/2004,195.5
12/9/2004,194.75
12/10/2004,193.5
12/13/2004,197.25
12/14/2004,195
12/15/2004,205
12/16/2004,203.5
12/17/2004,204.5
12/20/2004,206.5
12/21/2004,205.75
12/22/2004,205.5
12/23/2004,207
12/27/2004,207.5
12/28/2004,207
12/29/2004,203.25
12/30/2004,204.75
12/31/2004,204.75
1/3/2005,201.75
1/4/2005,201
1/5/2005,201.5
1/6/2005,208.75
1/7/2005,206.75
1/10/2005,206.75
1/11/2005,206.75
1/12/2005,200.5
1/13/2005,200
1/14/2005,197.25
1/18/2005,196
1/19/2005,196.75
1/20/2005,197.75
1/21/2005,197
1/24/2005,197.75
1/25/2005,199
1/26/2005,198.75
1/27/2005,195.75
1/28/2005,195.75
1/31/2005,197
2/1/2005,197
2/2/2005,195.25
2/3/2005,195
2/4/2005,195
2/7/2005,196.25
2/8/2005,194.75
2/9/2005,195
2/10/2005,198.25
2/11/2005,198.25
2/14/2005,200.5
2/15/2005,200
2/16/2005,197
2/17/2005,199.25
2/18/2005,200
2/22/2005,207.5
2/23/2005,205.75
2/24/2005,205.75
2/25/2005,211.5
2/28/2005,214.5
3/1/2005,211
3/2/2005,210.25
3/3/2005,209.5
3/4/2005,209
3/7/2005,205.5
3/8/2005,206.75
3/9/2005,209.25
3/10/2005,212.5
3/11/2005,217.5
3/14/2005,214.5
3/15/2005,228.5
3/16/2005,225.5
3/17/2005,223.5
3/18/2005,219.75
3/21/2005,214.5
3/22/2005,214
3/23/2005,210.75
3/24/2005,210.5
3/28/2005,212.75
3/29/2005,213
3/30/2005,212.5
3/31/2005,213
4/1/2005,212.75
4/4/2005,209.75
4/5/2005,205.5
4/6/2005,207.25
4/7/2005,205.5
4/8/2005,204
4/11/2005,205.75
4/12/2005,206.75
4/13/2005,205.75
4/14/2005,207.5
4/15/2005,206.25
4/18/2005,204.25
4/19/2005,209.5
4/20/2005,210.75
4/21/2005,211.25
4/22/2005,209.25
4/25/2005,213.25
4/26/2005,213
4/27/2005,208.25
4/28/2005,204.5
4/29/2005,204.75
5/2/2005,200.5
5/3/2005,197
5/4/2005,198
5/5/2005,199.75
5/6/2005,200.5
5/9/2005,199.75
5/10/2005,200.25
5/11/2005,198.25
5/12/2005,196.25
5/13/2005,195.25
5/16/2005,207
5/17/2005,207.5
5/18/2005,210.75
5/19/2005,209.5
5/20/2005,213.25
5/23/2005,224.5
5/24/2005,221.25
5/25/2005,222.75
5/26/2005,225
5/27/2005,221.25
5/31/2005,222
6/1/2005,224.5
6/2/2005,217
6/3/2005,218.25
6/6/2005,220.75
6/7/2005,220.25
6/8/2005,216
6/9/2005,215.5
6/10/2005,210
6/13/2005,215
6/14/2005,219
6/15/2005,224.25
6/16/2005,225.75
6/17/2005,229
6/20/2005,235.5
6/21/2005,232.25
6/22/2005,229.5
6/23/2005,226.5
6/24/2005,232.75
6/27/2005,221.5
6/28/2005,218.5
6/29/2005,216.5
6/30/2005,212.25
7/1/2005,216.5
7/5/2005,231
7/6/2005,230.75
7/7/2005,233.75
7/8/2005,226.25
7/11/2005,226.75
7/12/2005,227
7/13/2005,237.25
7/14/2005,245.25
7/15/2005,257.75
7/18/2005,260
7/19/2005,248.5
7/20/2005,241.5
7/21/2005,234
7/22/2005,233.5
7/25/2005,230.5
7/26/2005,234.25
7/27/2005,236.5
7/28/2005,241
7/29/2005,236.5
8/1/2005,231.75
8/2/2005,232.5
8/3/2005,227
8/4/2005,224.5
8/5/2005,220.5
8/8/2005,222
8/9/2005,218.75
8/10/2005,223
8/11/2005,225
8/12/2005,217.75
8/15/2005,210.5
8/16/2005,209.5
8/17/2005,213
8/18/2005,211.25
8/19/2005,210.25
8/22/2005,212.5
8/23/2005,210.5
8/24/2005,208.75
8/25/2005,206.25
8/26/2005,203.75
8/29/2005,204.75
8/30/2005,203.5
8/31/2005,201.5
9/1/2005,207.75
9/2/2005,203.5
9/6/2005,207.5
9/7/2005,204.25
9/8/2005,202.75
9/9/2005,203
9/12/2005,198.5
9/13/2005,198.5
9/14/2005,195
9/15/2005,206.5
9/16/2005,206.25
9/19/2005,206.25
9/20/2005,206.75
9/21/2005,206.5
9/22/2005,208.25
9/23/2005,207.25
9/26/2005,204.5
9/27/2005,203.25
9/28/2005,203.25
9/29/2005,203.5
9/30/2005,205.5
10/3/2005,208.75
10/4/2005,205.75
10/5/2005,204.75
10/6/2005,204.25
10/7/2005,202.5
10/10/2005,202
10/11/2005,202.5
10/12/2005,205.75
10/13/2005,203.5
10/14/2005,203.5
10/17/2005,203.75
10/18/2005,202
10/19/2005,201.75
10/20/2005,202.75
10/21/2005,201.5
10/24/2005,199.5
10/25/2005,199.5
10/26/2005,198.25
10/27/2005,197.75
10/28/2005,197
10/31/2005,196.25
11/1/2005,196.75
11/2/2005,196
11/3/2005,196.25
11/4/2005,195.5
11/7/2005,194.75
11/8/2005,195.25
11/9/2005,195.25
11/10/2005,193.75
11/11/2005,195.5
11/14/2005,196.75
11/15/2005,195.75
11/16/2005,192.75
11/17/2005,192.25
11/18/2005,191.25
11/21/2005,191.5
11/22/2005,191.5
11/23/2005,190.75
11/25/2005,189.75
11/28/2005,187.75
11/29/2005,186.25
11/30/2005,187.5
12/1/2005,189.25
12/2/2005,189.75
12/5/2005,193.5
12/6/2005,190.75
12/7/2005,187
12/8/2005,188.25
12/9/2005,189.75
12/12/2005,194.25
12/13/2005,195.5
12/14/2005,194.25
12/15/2005,204.75
12/16/2005,207.5
12/19/2005,208.75
12/20/2005,209.75
12/21/2005,210
12/22/2005,212.75
12/23/2005,214
12/27/2005,215.5
12/28/2005,216.25
12/29/2005,211
12/30/2005,215.75
1/3/2006,220
1/4/2006,218.25
1/5/2006,215.5
1/6/2006,214.25
1/9/2006,211
1/10/2006,213.25
1/11/2006,214.5
1/12/2006,212.75
1/13/2006,213.5
1/17/2006,208.75
1/18/2006,205.75
1/19/2006,205
1/20/2006,205
1/23/2006,208.25
1/24/2006,213.25
1/25/2006,216.5
1/26/2006,217
1/27/2006,218.75
1/30/2006,217.75
1/31/2006,218.75
2/1/2006,216.5
2/2/2006,220.5
2/3/2006,225.25
2/6/2006,222.75
2/7/2006,218
2/8/2006,221.25
2/9/2006,225.5
2/10/2006,221.25
2/13/2006,220.75
2/14/2006,218.75
2/15/2006,222
2/16/2006,223.5
2/17/2006,226.5
2/21/2006,226
2/22/2006,221.5
2/23/2006,223
2/24/2006,227.75
2/27/2006,227.5
2/28/2006,228
3/1/2006,224.25
3/2/2006,228.5
3/3/2006,228.75
3/6/2006,223
3/7/2006,221
3/8/2006,219
3/9/2006,223.25
3/10/2006,226
3/13/2006,220.5
3/14/2006,218.75
3/15/2006,229.25
3/16/2006,224.5
3/17/2006,221.5
3/20/2006,218.25
3/21/2006,223.5
3/22/2006,222.5
3/23/2006,219.25
3/24/2006,218.75
3/27/2006,221.75
3/28/2006,222.25
3/29/2006,224.25
3/30/2006,227.75
3/31/2006,236
4/3/2006,236.5
4/4/2006,234.5
4/5/2006,236.25
4/6/2006,241.5
4/7/2006,243
4/10/2006,241.25
4/11/2006,242
4/12/2006,237
4/13/2006,236.25
4/17/2006,236.5
4/18/2006,239.25
4/19/2006,238.5
4/20/2006,235.75
4/21/2006,236.5
4/24/2006,232.75
4/25/2006,231
4/26/2006,231.5
4/27/2006,231.25
4/28/2006,238.25
5/1/2006,238
5/2/2006,233.25
5/3/2006,232.25
5/4/2006,229.75
5/5/2006,230.75
5/8/2006,227
5/9/2006,228.5
5/10/2006,230
5/11/2006,237.75
5/12/2006,248.25
5/15/2006,260
5/16/2006,259
5/17/2006,263
5/18/2006,260.25
5/19/2006,252.75
5/22/2006,254.5
5/23/2006,253
5/24/2006,249.5
5/25/2006,253.25
5/26/2006,254
5/30/2006,254.5
5/31/2006,251.25
6/1/2006,254.5
6/2/2006,259.5
6/5/2006,253
6/6/2006,247.75
6/7/2006,251
6/8/2006,245.5
6/9/2006,242
6/12/2006,247.5
6/13/2006,243.25
6/14/2006,237
6/15/2006,233
6/16/2006,235.5
6/19/2006,229.75
6/20/2006,229.75
6/21/2006,232.75
6/22/2006,230.5
6/23/2006,228.25
6/26/2006,223
6/27/2006,225.25
6/28/2006,226
6/29/2006,228.5
6/30/2006,235.5
7/3/2006,243.25
7/5/2006,239.5
7/6/2006,245.25
7/7/2006,241
7/10/2006,247.75
7/11/2006,253.75
7/12/2006,259.25
7/13/2006,252.5
7/14/2006,253.5
7/17/2006,251.75
7/18/2006,246.5
7/19/2006,244.75
7/20/2006,242.5
7/21/2006,237.25
7/24/2006,239
7/25/2006,239.5
7/26/2006,236
7/27/2006,237.75
7/28/2006,237.25
7/31/2006,239
8/1/2006,240.5
8/2/2006,247.25
8/3/2006,245
8/4/2006,245
8/7/2006,239.75
8/8/2006,235.75
8/9/2006,239.75
8/10/2006,238.75
8/11/2006,224.75
8/14/2006,222
8/15/2006,222
8/16/2006,221.5
8/17/2006,219
8/18/2006,219.75
8/21/2006,221
8/22/2006,219.5
8/23/2006,223.5
8/24/2006,227.5
8/25/2006,225
8/28/2006,224.5
8/29/2006,222.75
8/30/2006,228.5
8/31/2006,232
9/1/2006,230
9/5/2006,228.75
9/6/2006,226.25
9/7/2006,230.75
9/8/2006,231.75
9/11/2006,228.75
9/12/2006,223.5
9/13/2006,224
9/14/2006,223
9/15/2006,241.75
9/18/2006,247.75
9/19/2006,246.5
9/20/2006,249
9/21/2006,257.25
9/22/2006,255.25
9/25/2006,254.75
9/26/2006,259
9/27/2006,253.75
9/28/2006,264.25
9/29/2006,262.5
10/2/2006,267.75
10/3/2006,264
10/4/2006,274.25
10/5/2006,271.75
10/6/2006,271
10/9/2006,289.5
10/10/2006,275.5
10/11/2006,284
10/12/2006,298.25
10/13/2006,314.5
10/16/2006,316.75
10/17/2006,321
10/18/2006,315.5
10/19/2006,316
10/20/2006,312.75
10/23/2006,318.25
10/24/2006,324.25
10/25/2006,327
10/26/2006,327
10/27/2006,332.5
10/30/2006,329.5
10/31/2006,320.75
11/1/2006,333.5
11/2/2006,344.75
11/3/2006,342.25
11/6/2006,343.5
11/7/2006,351
11/8/2006,357.75
11/9/2006,350
11/10/2006,343.25
11/13/2006,342.5
11/14/2006,357.75
11/15/2006,358.25
11/16/2006,351.5
11/17/2006,355.25
11/20/2006,360
11/21/2006,361.25
11/22/2006,362.75
11/24/2006,369.25
11/27/2006,371.5
11/28/2006,368.75
11/29/2006,370.25
11/30/2006,377
12/1/2006,374
12/4/2006,362.75
12/5/2006,366.25
12/6/2006,353
12/7/2006,358.5
12/8/2006,354.25
12/11/2006,355.5
12/12/2006,359
12/13/2006,354.5
12/14/2006,358.75
12/15/2006,369
12/18/2006,365.75
12/19/2006,373
12/20/2006,372.75
12/21/2006,377.75
12/22/2006,384
12/26/2006,388
12/27/2006,386.75
12/28/2006,388.5
12/29/2006,390.25
1/2/2007,390.25
1/3/2007,370.5
1/4/2007,362.25
1/5/2007,368.25
1/8/2007,363.5
1/9/2007,354.5
1/10/2007,360.25
1/11/2007,376.5
1/12/2007,396.5
1/16/2007,403
1/17/2007,408
1/18/2007,412.25
1/19/2007,406.75
1/22/2007,404.25
1/23/2007,409
1/24/2007,400.75
1/25/2007,407
1/26/2007,405.5
1/29/2007,400
1/30/2007,404.75
1/31/2007,404
2/1/2007,398
2/2/2007,402
2/5/2007,402
2/6/2007,396.5
2/7/2007,392.25
2/8/2007,399.75
2/9/2007,406.25
2/12/2007,404.75
2/13/2007,411
2/14/2007,408.25
2/15/2007,407.5
2/16/2007,417
2/20/2007,415.25
2/21/2007,426.25
2/22/2007,434.5
2/23/2007,430.25
2/26/2007,425.5
2/27/2007,411
2/28/2007,425.25
3/1/2007,417.25
3/2/2007,411
3/5/2007,417.25
3/6/2007,412.5
3/7/2007,415.75
3/8/2007,412
3/9/2007,408.25
3/12/2007,399.75
3/13/2007,397
3/14/2007,389.5
3/15/2007,397.75
3/16/2007,399.5
3/19/2007,398
3/20/2007,405.25
3/21/2007,409.75
3/22/2007,409.5
3/23/2007,403.25
3/26/2007,391
3/27/2007,392.5
3/28/2007,388.5
3/29/2007,394.5
3/30/2007,374.5
4/2/2007,354.75
4/3/2007,346.25
4/4/2007,359.25
4/5/2007,366
4/6/2007,366
4/9/2007,363.5
4/10/2007,369
4/11/2007,360.75
4/12/2007,358.75
4/13/2007,369
4/16/2007,364.25
4/17/2007,353.25
4/18/2007,363.5
4/19/2007,371.25
4/20/2007,360.5
4/23/2007,352.25
4/24/2007,360.5
4/25/2007,371.25
4/26/2007,364.75
4/27/2007,364.25
4/30/2007,358
5/1/2007,367.5
5/2/2007,372
5/3/2007,379.75
5/4/2007,381.25
5/7/2007,369.5
5/8/2007,353.75
5/9/2007,357.25
5/10/2007,345.75
5/11/2007,361
5/14/2007,358
5/15/2007,371.5
5/16/2007,376
5/17/2007,373
5/18/2007,371.25
5/21/2007,381
5/22/2007,369.5
5/23/2007,368.5
5/24/2007,376.5
5/25/2007,376
5/29/2007,364.75
5/30/2007,382.25
5/31/2007,390.25
6/1/2007,386.75
6/4/2007,383.75
6/5/2007,380.25
6/6/2007,374.75
6/7/2007,384.75
6/8/2007,382
6/11/2007,396
6/12/2007,393.5
6/13/2007,404.5
6/14/2007,409.5
6/15/2007,419
6/18/2007,416
6/19/2007,396
6/20/2007,394.25
6/21/2007,385
6/22/2007,367.5
6/25/2007,357.75
6/26/2007,356.5
6/27/2007,343.75
6/28/2007,339.5
6/29/2007,329.5
7/2/2007,330.5
7/3/2007,320
7/5/2007,324
7/6/2007,334.5
7/9/2007,332.5
7/10/2007,338
7/11/2007,336
7/12/2007,344
7/13/2007,341.5
7/16/2007,334.75
7/17/2007,322.5
7/18/2007,327
7/19/2007,321.25
7/20/2007,318.25
7/23/2007,310
7/24/2007,311.5
7/25/2007,311.5
7/26/2007,317.5
7/27/2007,321
7/30/2007,323.5
7/31/2007,325.75
8/1/2007,319
8/2/2007,324
8/3/2007,326.5
8/6/2007,325.75
8/7/2007,335.25
8/8/2007,341
8/9/2007,332.25
8/10/2007,333
8/13/2007,331
8/14/2007,327.5
8/15/2007,328
8/16/2007,321.5
8/17/2007,328.5
8/20/2007,331.75
8/21/2007,338.5
8/22/2007,347.5
8/23/2007,345.25
8/24/2007,341.5
8/27/2007,335.75
8/28/2007,327.25
8/29/2007,322.75
8/30/2007,322.75
8/31/2007,324
9/4/2007,336.75
9/5/2007,328.75
9/6/2007,323.25
9/7/2007,331.25
9/10/2007,329.75
9/11/2007,324.5
9/12/2007,339.75
9/13/2007,330.75
9/14/2007,336.5
9/17/2007,352.25
9/18/2007,352.25
9/19/2007,358.25
9/20/2007,369.25
9/21/2007,376.5
9/24/2007,373.5
9/25/2007,371.75
9/26/2007,375
9/27/2007,386.75
9/28/2007,373
10/1/2007,368.75
10/2/2007,348.75
10/3/2007,344.5
10/4/2007,342.25
10/5/2007,342.25
10/8/2007,339.75
10/9/2007,342.5
10/10/2007,347.25
10/11/2007,343.75
10/12/2007,351
10/15/2007,362
10/16/2007,360.5
10/17/2007,358
10/18/2007,367.25
10/19/2007,370.25
10/22/2007,364.5
10/23/2007,361
10/24/2007,356.5
10/25/2007,366.25
10/26/2007,372
10/29/2007,376
10/30/2007,370.25
10/31/2007,375.5
11/1/2007,368.75
11/2/2007,377
11/5/2007,375.25
11/6/2007,385.75
11/7/2007,384.25
11/8/2007,389.5
11/9/2007,386.75
11/12/2007,379
11/13/2007,374.75
11/14/2007,383
11/15/2007,374.75
11/16/2007,379.5
11/19/2007,377.5
11/20/2007,381.25
11/21/2007,382
11/23/2007,389
11/26/2007,385.75
11/27/2007,383.5
11/28/2007,387.25
11/29/2007,383.5
11/30/2007,384.5
12/3/2007,386
12/4/2007,394
12/5/2007,394
12/6/2007,394.75
12/7/2007,399.5
12/10/2007,400.5
12/11/2007,406.5
12/12/2007,416.75
12/13/2007,418.75
12/14/2007,420
12/17/2007,438.75
12/18/2007,432
12/19/2007,434.75
12/20/2007,437.5
12/21/2007,443.5
12/24/2007,444
12/26/2007,452.25
12/27/2007,454.75
12/28/2007,452
12/31/2007,455.5
1/2/2008,462.5
1/3/2008,466
1/4/2008,466.75
1/7/2008,466.25
1/8/2008,478.75
1/9/2008,477.25
1/10/2008,475
1/11/2008,495
1/14/2008,512
1/15/2008,509
1/16/2008,502.5
1/17/2008,502
1/18/2008,498.25
1/22/2008,489
1/23/2008,469.25
1/24/2008,489.25
1/25/2008,498.25
1/28/2008,502.25
1/29/2008,501
1/30/2008,498.5
1/31/2008,501.25
2/1/2008,500.5
2/4/2008,510.5
2/5/2008,509.25
2/6/2008,501.5
2/7/2008,499.5
2/8/2008,508
2/11/2008,503.5
2/12/2008,497.75
2/13/2008,497
2/14/2008,511
2/15/2008,514.75
2/19/2008,520
2/20/2008,523.5
2/21/2008,524.5
2/22/2008,522.25
2/25/2008,533.25
2/26/2008,530.5
2/27/2008,525
2/28/2008,543.25
2/29/2008,546
3/3/2008,555.4
3/4/2008,543
3/5/2008,557
3/6/2008,557
3/7/2008,533.5
3/10/2008,555.5
3/11/2008,564
3/12/2008,556.75
3/13/2008,559.75
3/14/2008,545.5
3/17/2008,539.25
3/18/2008,547.25
3/19/2008,527.25
3/20/2008,507.5
3/24/2008,524.75
3/25/2008,544.75
3/26/2008,552.25
3/27/2008,555.5
3/28/2008,560.5
3/31/2008,567.25
4/1/2008,584
4/2/2008,595.75
4/3/2008,600
4/4/2008,598
4/7/2008,590
4/8/2008,591.25
4/9/2008,605
4/10/2008,594.25
4/11/2008,584.25
4/14/2008,591.75
4/15/2008,606
4/16/2008,603.5
4/17/2008,603.5
4/18/2008,599.5
4/21/2008,580.25
4/22/2008,594.25
4/23/2008,587.75
4/24/2008,576.25
4/25/2008,577.25
4/28/2008,600
4/29/2008,591.25
4/30/2008,600.25
5/1/2008,605.5
5/2/2008,602
5/5/2008,582
5/6/2008,594.75
5/7/2008,601.5
5/8/2008,618.75
5/9/2008,618.5
5/12/2008,603.5
5/13/2008,597.5
5/14/2008,589.75
5/15/2008,599
5/16/2008,591
5/19/2008,586.75
5/20/2008,589.75
5/21/2008,607.25
5/22/2008,595.75
5/23/2008,599.75
5/27/2008,598
5/28/2008,592.5
5/29/2008,582.25
5/30/2008,599.25
6/2/2008,615.75
6/3/2008,608
6/4/2008,614.5
6/5/2008,643.25
6/6/2008,650.75
6/9/2008,657.25
6/10/2008,673.25
6/11/2008,703.25
6/12/2008,709
6/13/2008,731.75
6/16/2008,732.5
6/17/2008,742.25
6/18/2008,746.25
6/19/2008,727.75
6/20/2008,721.25
6/23/2008,724.25
6/24/2008,712.5
6/25/2008,730
6/26/2008,753.75
6/27/2008,754.75
6/30/2008,724.75
7/1/2008,719.5
7/2/2008,748.75
7/3/2008,746
7/7/2008,716.5
7/8/2008,692.75
7/9/2008,683
7/10/2008,675.25
7/11/2008,680
7/14/2008,657
7/15/2008,648.25
7/16/2008,658.5
7/17/2008,631.25
7/18/2008,609.5
7/21/2008,589.25
7/22/2008,573.5
7/23/2008,571.5
7/24/2008,573
7/25/2008,577.25
7/28/2008,582
7/29/2008,594
7/30/2008,601.5
7/31/2008,587.5
8/1/2008,565
8/4/2008,535.5
8/5/2008,525.25
8/6/2008,508
8/7/2008,522.25
8/8/2008,498.5
8/11/2008,497.25
8/12/2008,509
8/13/2008,539
8/14/2008,557.75
8/15/2008,529.75
8/18/2008,553
8/19/2008,564.75
8/20/2008,575.25
8/21/2008,597.75
8/22/2008,586.5
8/25/2008,580.25
8/26/2008,575.25
8/27/2008,577.5
8/28/2008,570
8/29/2008,568.25
9/2/2008,553
9/3/2008,546.5
9/4/2008,549.25
9/5/2008,531.5
9/8/2008,533
9/9/2008,529.5
9/10/2008,522.5
9/11/2008,522.25
9/12/2008,547.5
9/15/2008,562
9/16/2008,532.25
9/17/2008,554
9/18/2008,527.25
9/19/2008,542.25
9/22/2008,558.5
9/23/2008,560.25
9/24/2008,563
9/25/2008,558.25
9/26/2008,543
9/29/2008,513
9/30/2008,487.5
10/1/2008,484
10/2/2008,454
10/3/2008,454
10/6/2008,424
10/7/2008,417
10/8/2008,427.5
10/9/2008,438.25
10/10/2008,408.25
10/13/2008,411.5
10/14/2008,411.25
10/15/2008,388
10/16/2008,384.5
10/17/2008,403
10/20/2008,418.5
10/21/2008,411
10/22/2008,385
10/23/2008,390.25
10/24/2008,372.75
10/27/2008,385.25
10/28/2008,390.75
10/29/2008,420.75
10/30/2008,409.5
10/31/2008,401.5
11/3/2008,403
11/4/2008,413
11/5/2008,390.25
11/6/2008,378
11/7/2008,375.5
11/10/2008,383.5
11/11/2008,374.25
11/12/2008,369.5
11/13/2008,377
11/14/2008,380.25
11/17/2008,385.75
11/18/2008,380
11/19/2008,378.75
11/20/2008,363.75
11/21/2008,338.5
11/24/2008,354.5
11/25/2008,353.5
11/26/2008,354
11/28/2008,349.5
12/1/2008,332.75
12/2/2008,332.5
12/3/2008,332
12/4/2008,318.25
12/5/2008,293.5
12/8/2008,314.25
12/9/2008,312.25
12/10/2008,326.75
12/11/2008,338
12/12/2008,359.5
12/15/2008,375.25
12/16/2008,394
12/17/2008,389.5
12/18/2008,389.5
12/19/2008,380.75
12/22/2008,381.75
12/23/2008,394.75
12/24/2008,398
12/26/2008,412.25
12/29/2008,393.5
12/30/2008,396.25
12/31/2008,407
1/2/2009,412.25
1/5/2009,411.25
1/6/2009,427.5
1/7/2009,416.5
1/8/2009,406.75
1/9/2009,410.75
1/12/2009,380.75
1/13/2009,362.5
1/14/2009,366.5
1/15/2009,365.25
1/16/2009,391
1/20/2009,383.5
1/21/2009,390.25
1/22/2009,387.5
1/23/2009,390.5
1/26/2009,393.75
1/27/2009,377.5
1/28/2009,384.5
1/29/2009,381.75
1/30/2009,379
2/2/2009,370.5
2/3/2009,361.75
2/4/2009,358.25
2/5/2009,371.25
2/6/2009,377.25
2/9/2009,377.5
2/10/2009,376.75
2/11/2009,368.5
2/12/2009,366.25
2/13/2009,363.25
2/17/2009,349.25
2/18/2009,349.25
2/19/2009,353.25
2/20/2009,350.25
2/23/2009,351.75
2/24/2009,354.25
2/25/2009,363.75
2/26/2009,362
2/27/2009,350.75
3/2/2009,343.5
3/3/2009,343.5
3/4/2009,355.25
3/5/2009,349.25
3/6/2009,352.75
3/9/2009,357.25
3/10/2009,366.75
3/11/2009,356
3/12/2009,376.75
3/13/2009,375
3/16/2009,391.5
3/17/2009,390.5
3/18/2009,388.25
3/19/2009,396.5
3/20/2009,396.5
3/23/2009,395.5
3/24/2009,393.75
3/25/2009,385.75
3/26/2009,390.75
3/27/2009,387
3/30/2009,386.25
3/31/2009,404.75
4/1/2009,396
4/2/2009,402.5
4/3/2009,404.5
4/6/2009,405.5
4/7/2009,396.25
4/8/2009,397
4/9/2009,390.25
4/13/2009,387.5
4/14/2009,394.25
4/15/2009,384.5
4/16/2009,385.75
4/17/2009,376.25
4/20/2009,369.5
4/21/2009,374
4/22/2009,373.5
4/23/2009,381
4/24/2009,377
4/27/2009,372.25
4/28/2009,375
4/29/2009,393
4/30/2009,396.25
5/1/2009,406.25
5/4/2009,398
5/5/2009,398.5
5/6/2009,400.75
5/7/2009,404.75
5/8/2009,414
5/11/2009,413.5
5/12/2009,419.5
5/13/2009,419.5
5/14/2009,421.5
5/15/2009,417.25
5/18/2009,421.5
5/19/2009,425.75
5/20/2009,426
5/21/2009,424
5/22/2009,430.25
5/26/2009,427.5
5/27/2009,426
5/28/2009,428.75
5/29/2009,436.25
6/1/2009,445.75
6/2/2009,449.5
6/3/2009,432.5
6/4/2009,448.5
6/5/2009,444
6/8/2009,435
6/9/2009,444
6/10/2009,435.75
6/11/2009,441
6/12/2009,425.5
6/15/2009,406
6/16/2009,404
6/17/2009,407.75
6/18/2009,403.25
6/19/2009,399.25
6/22/2009,385.25
6/23/2009,389
6/24/2009,386.5
6/25/2009,382.5
6/26/2009,384.25
6/29/2009,377
6/30/2009,347.75
7/1/2009,351.75
7/2/2009,345.75
7/6/2009,343.25
7/7/2009,335.5
7/8/2009,339.25
7/9/2009,343.5
7/10/2009,345.5
7/13/2009,359
7/14/2009,350
7/15/2009,329.5
7/16/2009,316.75
7/17/2009,322.25
7/20/2009,323.25
7/21/2009,311.5
7/22/2009,308
7/23/2009,327
7/24/2009,316.25
7/27/2009,322.25
7/28/2009,320.5
7/29/2009,320.75
7/30/2009,332.25
7/31/2009,339.5
8/3/2009,358
8/4/2009,354.5
8/5/2009,347
8/6/2009,332.5
8/7/2009,322
8/10/2009,324.25
8/11/2009,326.5
8/12/2009,330.75
8/13/2009,324.5
8/14/2009,319.25
8/17/2009,314.25
8/18/2009,314.5
8/19/2009,320
8/20/2009,318.5
8/21/2009,321.75
8/24/2009,329.5
8/25/2009,321.5
8/26/2009,320.5
8/27/2009,323
8/28/2009,321
8/31/2009,326.25
9/1/2009,312.25
9/2/2009,313.25
9/3/2009,311
9/4/2009,300.5
9/8/2009,302.75
9/9/2009,305.5
9/10/2009,309.5
9/11/2009,314.5
9/14/2009,305
9/15/2009,346.5
9/16/2009,336.25
9/17/2009,329
9/18/2009,318
9/21/2009,316
9/22/2009,325.75
9/23/2009,330.25
9/24/2009,336.5
9/25/2009,334
9/28/2009,338.75
9/29/2009,341
9/30/2009,344
10/1/2009,340.5
10/2/2009,333.5
10/5/2009,341.5
10/6/2009,358.25
10/7/2009,359.75
10/8/2009,364
10/9/2009,362.25
10/12/2009,381.25
10/13/2009,381.75
10/14/2009,383
10/15/2009,373
10/16/2009,372
10/19/2009,386.25
10/20/2009,384.5
10/21/2009,398.25
10/22/2009,403.5
10/23/2009,397.75
10/26/2009,378
10/27/2009,370.75
10/28/2009,369
10/29/2009,379.5
10/30/2009,366
11/2/2009,382.25
11/3/2009,390
11/4/2009,384
11/5/2009,376.5
11/6/2009,367
11/9/2009,386
11/10/2009,394.5
11/11/2009,394
11/12/2009,390.5
11/13/2009,390.5
11/16/2009,402.25
11/17/2009,402
11/18/2009,398
11/19/2009,395
11/20/2009,391
11/23/2009,387.25
11/24/2009,376
11/25/2009,392
11/27/2009,397.25
11/30/2009,402.75
12/1/2009,399.75
12/2/2009,391.75
12/3/2009,385.25
12/4/2009,373.75
12/7/2009,368.75
12/8/2009,369.5
12/9/2009,368
12/10/2009,377.25
12/11/2009,389.25
12/14/2009,392
12/15/2009,407.5
12/16/2009,410.25
12/17/2009,397
12/18/2009,397.75
12/21/2009,400
12/22/2009,398.75
12/23/2009,404.75
12/24/2009,408.5
12/28/2009,416
12/29/2009,417
12/30/2009,413.75
12/31/2009,414.5
1/4/2010,418.5
1/5/2010,418.75
1/6/2010,421.75
1/7/2010,417.5
1/8/2010,423
1/11/2010,422.5
1/12/2010,392.5
1/13/2010,384
1/14/2010,381
1/15/2010,371.5
1/19/2010,369.25
1/20/2010,368
1/21/2010,372
1/22/2010,364.75
1/25/2010,367.75
1/26/2010,362.25
1/27/2010,358.25
1/28/2010,361.75
1/29/2010,356.5
2/1/2010,359
2/2/2010,365
2/3/2010,353
2/4/2010,354
2/5/2010,351.5
2/8/2010,356
2/9/2010,358.5
2/10/2010,361.75
2/11/2010,363.25
2/12/2010,361.5
2/16/2010,367.25
2/17/2010,360
2/18/2010,357.25
2/19/2010,360
2/22/2010,371.5
2/23/2010,367.75
2/24/2010,375.25
2/25/2010,372.25
2/26/2010,378
3/1/2010,370.75
3/2/2010,370.5
3/3/2010,375.75
3/4/2010,372
3/5/2010,364.75
3/8/2010,364.5
3/9/2010,358.75
3/10/2010,355.5
3/11/2010,355.5
3/12/2010,354
3/15/2010,363.25
3/16/2010,366.75
3/17/2010,374
3/18/2010,376
3/19/2010,374.5
3/22/2010,370.75
3/23/2010,362.75
3/24/2010,365
3/25/2010,355
3/26/2010,356.25
3/29/2010,357
3/30/2010,354.5
3/31/2010,345
4/1/2010,344.5
4/2/2010,344.5
4/5/2010,345.75
4/6/2010,346.5
4/7/2010,356.5
4/8/2010,348.25
4/9/2010,345.75
4/12/2010,348.25
4/13/2010,352.5
4/14/2010,358
4/15/2010,363.25
4/16/2010,364
4/19/2010,347.75
4/20/2010,355.5
4/21/2010,359.25
4/22/2010,362.25
4/23/2010,353
4/26/2010,352.25
4/27/2010,347.5
4/28/2010,357
4/29/2010,360.5
4/30/2010,366.25
5/3/2010,362.75
5/4/2010,360
5/5/2010,364.75
5/6/2010,364
5/7/2010,364.75
5/10/2010,363
5/11/2010,369.75
5/12/2010,371.75
5/13/2010,366.5
5/14/2010,356.75
5/17/2010,356
5/18/2010,359.75
5/19/2010,359.25
5/20/2010,362
5/21/2010,369
5/24/2010,371
5/25/2010,364.25
5/26/2010,371.5
5/27/2010,373.25
5/28/2010,359
6/1/2010,354
6/2/2010,348.5
6/3/2010,349.5
6/4/2010,340
6/7/2010,335.75
6/8/2010,337.25
6/9/2010,338.25
6/10/2010,343.25
6/11/2010,349.5
6/14/2010,353.75
6/15/2010,353.75
6/16/2010,356.25
6/17/2010,357.5
6/18/2010,360.75
6/21/2010,355
6/22/2010,351.5
6/23/2010,346.5
6/24/2010,344.75
6/25/2010,340.5
6/28/2010,333.75
6/29/2010,325
6/30/2010,354.25
7/1/2010,365.5
7/2/2010,364
7/6/2010,360
7/7/2010,370.75
7/8/2010,377.5
7/9/2010,375.25
7/12/2010,371.25
7/13/2010,366.75
7/14/2010,375.25
7/15/2010,392.5
7/16/2010,394.75
7/19/2010,381.5
7/20/2010,374
7/21/2010,379.75
7/22/2010,376.5
7/23/2010,371.25
7/26/2010,364
7/27/2010,362.75
7/28/2010,376.25
7/29/2010,379.25
7/30/2010,392.75
8/2/2010,390.5
8/3/2010,389.5
8/4/2010,400.25
8/5/2010,403.5
8/6/2010,405
8/9/2010,403
8/10/2010,393.5
8/11/2010,395.5
8/12/2010,406.25
8/13/2010,411.75
8/16/2010,407.25
8/17/2010,414.75
8/18/2010,418.5
8/19/2010,414.25
8/20/2010,421.25
8/23/2010,417.25
8/24/2010,405.25
8/25/2010,404.75
8/26/2010,416.5
8/27/2010,421
8/30/2010,425.5
8/31/2010,424.5
9/1/2010,432.25
9/2/2010,433
9/3/2010,449.75
9/7/2010,451.5
9/8/2010,447.5
9/9/2010,456.25
9/10/2010,464
9/13/2010,469.25
9/14/2010,478
9/15/2010,495.25
9/16/2010,496
9/17/2010,513.25
9/20/2010,508.25
9/21/2010,505.25
9/22/2010,505
9/23/2010,499.25
9/24/2010,521.75
9/27/2010,512.75
9/28/2010,500
9/29/2010,505
9/30/2010,495.75
10/1/2010,465.75
10/4/2010,471.5
10/5/2010,491
10/6/2010,488.5
10/7/2010,498.25
10/8/2010,528.25
10/11/2010,555.75
10/12/2010,579
10/13/2010,569.25
10/14/2010,567.25
10/15/2010,563
10/18/2010,557.25
10/19/2010,546
10/20/2010,573.5
10/21/2010,564.25
10/22/2010,560
10/25/2010,568.75
10/26/2010,571
10/27/2010,577.25
10/28/2010,579
10/29/2010,582
11/1/2010,577.25
11/2/2010,575.75
11/3/2010,581
11/4/2010,590
11/5/2010,587.75
11/8/2010,585.25
11/9/2010,576.25
11/10/2010,566.75
11/11/2010,564
11/12/2010,534
11/15/2010,555.5
11/16/2010,526.5
11/17/2010,525.75
11/18/2010,541.75
11/19/2010,520.75
11/22/2010,515.25
11/23/2010,528.5
11/24/2010,538.75
11/26/2010,538.25
11/29/2010,538.25
11/30/2010,530
12/1/2010,551.75
12/2/2010,540.75
12/3/2010,559
12/6/2010,553.75
12/7/2010,547.25
12/8/2010,559.5
12/9/2010,560.25
12/10/2010,560.25
12/13/2010,575.25
12/14/2010,574.5
12/15/2010,584.25
12/16/2010,587.5
12/17/2010,596.5
12/20/2010,599.5
12/21/2010,602.25
12/22/2010,609
12/23/2010,614
12/27/2010,615.25
12/28/2010,623.25
12/29/2010,624
12/30/2010,616
12/31/2010,629
1/3/2011,620.5
1/4/2011,608.5
1/5/2011,619.25
1/6/2011,602
1/7/2011,595
1/10/2011,607
1/11/2011,607
1/12/2011,631
1/13/2011,642.5
1/14/2011,648.75
1/18/2011,659.5
1/19/2011,641.25
1/20/2011,654
1/21/2011,657.25
1/24/2011,655.25
1/25/2011,644
1/26/2011,657.75
1/27/2011,650.75
1/28/2011,644
1/31/2011,659.5
2/1/2011,666
2/2/2011,669.25
2/3/2011,662.5
2/4/2011,678.5
2/7/2011,674.75
2/8/2011,673.75
2/9/2011,698
2/10/2011,698.5
2/11/2011,706.5
2/14/2011,695.75
2/15/2011,690.5
2/16/2011,690.5
2/17/2011,712.75
2/18/2011,709.75
2/22/2011,679.75
2/23/2011,691.5
2/24/2011,685.75
2/25/2011,712
2/28/2011,722.5
3/1/2011,727.25
3/2/2011,714
3/3/2011,729.75
3/4/2011,721.25
3/7/2011,710.75
3/8/2011,698.75
3/9/2011,695
3/10/2011,676.25
3/11/2011,659.25
3/14/2011,664
3/15/2011,636
3/16/2011,616.5
3/17/2011,646.5
3/18/2011,683.5
3/21/2011,686.5
3/22/2011,686.75
3/23/2011,681
3/24/2011,702.5
3/25/2011,689.5
3/28/2011,671
3/29/2011,671.75
3/30/2011,663.25
3/31/2011,693.25
4/1/2011,736
4/4/2011,760.25
4/5/2011,766.75
4/6/2011,763
4/7/2011,759
4/8/2011,768
4/11/2011,776
4/12/2011,752.5
4/13/2011,755.5
4/14/2011,754.25
4/15/2011,742
4/18/2011,751.75
4/19/2011,749
4/20/2011,732.75
4/21/2011,737.25
4/25/2011,762.5
4/26/2011,766.25
4/27/2011,752.25
4/28/2011,723
4/29/2011,754
5/2/2011,730.75
5/3/2011,719
5/4/2011,726.5
5/5/2011,705
5/6/2011,682.75
5/9/2011,704.5
5/10/2011,706
5/11/2011,668.75
5/12/2011,681.25
5/13/2011,679
5/16/2011,697.5
5/17/2011,720.25
5/18/2011,749.75
5/19/2011,748.25
5/20/2011,759.5
5/23/2011,754
5/24/2011,733.25
5/25/2011,742.25
5/26/2011,745.5
5/27/2011,758.5
5/31/2011,747.5
6/1/2011,758.5
6/2/2011,766.5
6/3/2011,754
6/6/2011,732
6/7/2011,736.5
6/8/2011,764
6/9/2011,785.5
6/10/2011,787
6/13/2011,782.5
6/14/2011,755.5
6/15/2011,725.75
6/16/2011,701.5
6/17/2011,700.25
6/20/2011,700.5
6/21/2011,707.5
6/22/2011,677.5
6/23/2011,680.5
6/24/2011,670
6/27/2011,660.75
6/28/2011,683
6/29/2011,698
6/30/2011,629
7/1/2011,640.75
7/5/2011,680.5
7/6/2011,648.75
7/7/2011,650
7/8/2011,672.25
7/11/2011,681.5
7/12/2011,697
7/13/2011,726.75
7/14/2011,716.5
7/15/2011,701.25
7/18/2011,696.25
7/19/2011,698
7/20/2011,688
7/21/2011,679.25
7/22/2011,690
7/25/2011,678.75
7/26/2011,689.75
7/27/2011,691.5
7/28/2011,682.25
7/29/2011,665.5
8/1/2011,681.25
8/2/2011,711.25
8/3/2011,706
8/4/2011,693.75
8/5/2011,693
8/8/2011,675.25
8/9/2011,678.25
8/10/2011,678
8/11/2011,702.5
8/12/2011,701.75
8/15/2011,707.25
8/16/2011,714
8/17/2011,711.5
8/18/2011,699
8/19/2011,711
8/22/2011,720.5
8/23/2011,730.25
8/24/2011,731.75
8/25/2011,732.25
8/26/2011,752.5
8/29/2011,756.25
8/30/2011,763.5
8/31/2011,757.5
9/1/2011,728.75
9/2/2011,750.25
9/6/2011,746.75
9/7/2011,736.5
9/8/2011,723.25
9/9/2011,726
9/12/2011,734.25
9/13/2011,709.2
9/14/2011,713
9/15/2011,701
9/16/2011,692
9/19/2011,692.25
9/20/2011,690.25
9/21/2011,685.75
9/22/2011,650
9/23/2011,638.5
9/26/2011,648
9/27/2011,652.25
9/28/2011,630.75
9/29/2011,632.5
9/30/2011,592.5
10/3/2011,592.5
10/4/2011,587.75
10/5/2011,605.5
10/6/2011,605.5
10/7/2011,600
10/10/2011,605
10/11/2011,645
10/12/2011,640.75
10/13/2011,638.25
10/14/2011,640
10/17/2011,640.5
10/18/2011,644
10/19/2011,638.5
10/20/2011,649.5
10/21/2011,649.25
10/24/2011,651
10/25/2011,650.75
10/26/2011,637.25
10/27/2011,651.5
10/28/2011,655
10/31/2011,647
11/1/2011,654.25
11/2/2011,645
11/3/2011,653.5
11/4/2011,655.75
11/7/2011,653.25
11/8/2011,660.5
11/9/2011,656
11/10/2011,645.5
11/11/2011,638.5
11/14/2011,633.5
11/15/2011,645.5
11/16/2011,642.75
11/17/2011,614.5
11/18/2011,610.25
11/21/2011,597.75
11/22/2011,599
11/23/2011,588.75
11/25/2011,582.5
11/28/2011,591.75
11/29/2011,598
11/30/2011,601.25
12/1/2011,594.75
12/2/2011,586.5
12/5/2011,580.25
12/6/2011,585.25
12/7/2011,582.25
12/8/2011,590
12/9/2011,585.5
12/12/2011,585.5
12/13/2011,588.5
12/14/2011,580
12/15/2011,579
12/16/2011,583
12/19/2011,601
12/20/2011,607
12/21/2011,616.5
12/22/2011,617.5
12/23/2011,619.5
12/27/2011,633.25
12/28/2011,642.5
12/29/2011,638
12/30/2011,646.5
1/3/2012,658.5
1/4/2012,658.5
1/5/2012,643.5
1/6/2012,643.5
1/9/2012,652
1/10/2012,652
1/11/2012,651.5
1/12/2012,611.5
1/13/2012,599.5
1/17/2012,604
1/18/2012,593.5
1/19/2012,606
1/20/2012,611.5
1/23/2012,620
1/24/2012,630.25
1/25/2012,634.5
1/26/2012,634.5
1/27/2012,641.75
1/30/2012,631.75
1/31/2012,639
2/1/2012,642
2/2/2012,643
2/3/2012,644.5
2/6/2012,644.25
2/7/2012,642.25
2/8/2012,642.5
2/9/2012,637
2/10/2012,631.75
2/13/2012,639.5
2/14/2012,633.5
2/15/2012,627
2/16/2012,636.25
2/17/2012,641.75
2/21/2012,629.5
2/22/2012,638.25
2/23/2012,639.5
2/24/2012,640.75
2/27/2012,644.5
2/28/2012,653.5
2/29/2012,656.5
3/1/2012,653.75
3/2/2012,659
3/5/2012,666.25
3/6/2012,658
3/7/2012,643.75
3/8/2012,645
3/9/2012,654
3/12/2012,671.5
3/13/2012,674
3/14/2012,669.5
3/15/2012,669
3/16/2012,673
3/19/2012,663.5
3/20/2012,647.5
3/21/2012,642
3/22/2012,644.5
3/23/2012,646.5
3/26/2012,637.75
3/27/2012,630.75
3/28/2012,620.25
3/29/2012,604
3/30/2012,644
4/2/2012,655
4/3/2012,658.25
4/4/2012,656.75
4/5/2012,658.25
4/6/2012,658.25
4/9/2012,649
4/10/2012,634.75
4/11/2012,636
4/12/2012,637.5
4/13/2012,629.25
4/16/2012,623.25
4/17/2012,616.75
4/18/2012,601.75
4/19/2012,621
4/20/2012,612.5
4/23/2012,622.5
4/24/2012,618.25
4/25/2012,611
4/26/2012,624
4/27/2012,653
4/30/2012,660.25
5/1/2012,659.75
5/2/2012,642.25
5/3/2012,650.75
5/4/2012,662.25
5/7/2012,665
5/8/2012,666
5/9/2012,641.25
5/10/2012,625.5
5/11/2012,608
5/14/2012,608
5/15/2012,597.25
5/16/2012,620
5/17/2012,625
5/18/2012,635.5
5/21/2012,633
5/22/2012,597
5/23/2012,603.5
5/24/2012,578.5
5/25/2012,578.5
5/29/2012,562.5
5/30/2012,559.5
5/31/2012,555.25
6/1/2012,551.5
6/4/2012,568
6/5/2012,567.5
6/6/2012,586.25
6/7/2012,594
6/8/2012,598
6/11/2012,592
6/12/2012,584
6/13/2012,592.5
6/14/2012,601.5
6/15/2012,579.5
6/18/2012,599.5
6/19/2012,612.5
6/20/2012,611.75
6/21/2012,586.5
6/22/2012,591
6/25/2012,631
6/26/2012,646
6/27/2012,649.5
6/28/2012,652
6/29/2012,672.5
7/2/2012,692.5
7/3/2012,718.75
7/5/2012,768
7/6/2012,743.25
7/9/2012,775.25
7/10/2012,761
7/11/2012,750.75
7/12/2012,771.25
7/13/2012,755.75
7/16/2012,776.75
7/17/2012,779.5
7/18/2012,795
7/19/2012,807.75
7/20/2012,824.5
7/23/2012,814
7/24/2012,790
7/25/2012,794.5
7/26/2012,781.25
7/27/2012,798.5
7/30/2012,820
7/31/2012,806.5
8/1/2012,800.5
8/2/2012,794
8/3/2012,810
8/6/2012,803
8/7/2012,796
8/8/2012,810.75
8/9/2012,818.25
8/10/2012,800
8/13/2012,782.75
8/14/2012,779.75
8/15/2012,794
8/16/2012,797.75
8/17/2012,798.5
8/20/2012,815.25
8/21/2012,831.25
8/22/2012,830.25
8/23/2012,808.75
8/24/2012,802.25
8/27/2012,794.5
8/28/2012,789.5
8/29/2012,810.25
8/30/2012,811.5
8/31/2012,802.75
9/4/2012,807
9/5/2012,789.75
9/6/2012,797.25
9/7/2012,795
9/10/2012,781
9/11/2012,782.25
9/12/2012,771
9/13/2012,776.75
9/14/2012,777.5
9/17/2012,748
9/18/2012,740
9/19/2012,756.5
9/20/2012,746
9/21/2012,748.25
9/24/2012,744.75
9/25/2012,743.75
9/26/2012,724.75
9/27/2012,716.25
9/28/2012,756.25
10/1/2012,756.75
10/2/2012,758.25
10/3/2012,756.75
10/4/2012,757
10/5/2012,748
10/8/2012,742
10/9/2012,742
10/10/2012,736.75
10/11/2012,773.25
10/12/2012,752.75
10/15/2012,737.25
10/16/2012,738.25
10/17/2012,745.5
10/18/2012,760.75
10/19/2012,761.5
10/22/2012,761.25
10/23/2012,756
10/24/2012,754.5
10/25/2012,742
10/26/2012,737.75
10/29/2012,737
10/30/2012,741.75
10/31/2012,755.75
11/1/2012,751
11/2/2012,739.5
11/5/2012,735.5
11/6/2012,741
11/7/2012,744.25
11/8/2012,741.25
11/9/2012,738.75
11/12/2012,718
11/13/2012,723.5
11/14/2012,725.75
11/15/2012,721.25
11/16/2012,727
11/19/2012,738.75
11/20/2012,743.25
11/21/2012,741
11/23/2012,745.5
11/26/2012,747.25
11/27/2012,760
11/28/2012,760.25
11/29/2012,751.5
11/30/2012,748
12/3/2012,749
12/4/2012,746.5
12/5/2012,753.25
12/6/2012,747.75
12/7/2012,732.75
12/10/2012,726.75
12/11/2012,724.25
12/12/2012,721
12/13/2012,712.25
12/14/2012,718.75
12/17/2012,724
12/18/2012,720
12/19/2012,703
12/20/2012,696.5
12/21/2012,702
12/24/2012,704.25
12/26/2012,693.25
12/27/2012,691.5
12/28/2012,694
12/31/2012,698.25
1/2/2013,690.75
1/3/2013,689.25
1/4/2013,680.25
1/7/2013,685.5
1/8/2013,688.75
1/9/2013,694.25
1/10/2013,698.75
1/11/2013,708.75
1/14/2013,724
1/15/2013,730.5
1/16/2013,731.25
1/17/2013,724.5
1/18/2013,727.5
1/22/2013,728.5
1/23/2013,720.75
1/24/2013,724.25
1/25/2013,720.75
1/28/2013,729.25
1/29/2013,729.5
1/30/2013,740.25
1/31/2013,740.5
2/1/2013,736
2/4/2013,734.25
2/5/2013,729
2/6/2013,722.5
2/7/2013,710.75
2/8/2013,709
2/11/2013,702.25
2/12/2013,696.25
2/13/2013,695.5
2/14/2013,694.75
2/15/2013,698.75
2/19/2013,695.25
2/20/2013,700.5
2/21/2013,690.75
2/22/2013,690.25
2/25/2013,693.5
2/26/2013,705
2/27/2013,709.5
2/28/2013,719.5
3/1/2013,724.25
3/4/2013,723
3/5/2013,732
3/6/2013,708
3/7/2013,711.5
3/8/2013,725.25
3/11/2013,734.5
3/12/2013,741
3/13/2013,741.25
3/14/2013,732.75
3/15/2013,717
3/18/2013,720
3/19/2013,728.5
3/20/2013,732.5
3/21/2013,733
3/22/2013,726.25
3/25/2013,733.25
3/26/2013,730.25
3/27/2013,735.25
3/28/2013,695.25
4/1/2013,642.25
4/2/2013,640.5
4/3/2013,641.5
4/4/2013,630
4/5/2013,629
4/8/2013,633.5
4/9/2013,644.25
4/10/2013,649
4/11/2013,651.25
4/12/2013,658.5
4/15/2013,646.75
4/16/2013,663.25
4/17/2013,660.5
4/18/2013,644.5
4/19/2013,652
4/22/2013,645.75
4/23/2013,638.5
4/24/2013,639.5
4/25/2013,645.25
4/26/2013,644
4/29/2013,684
4/30/2013,683.25
5/1/2013,681.75
5/2/2013,697.5
5/3/2013,699.5
5/6/2013,678.75
5/7/2013,676.5
5/8/2013,675
5/9/2013,694.5
5/10/2013,687.75
5/13/2013,718
5/14/2013,706.75
5/15/2013,650.75
5/16/2013,641.5
5/17/2013,652.75
5/20/2013,649.5
5/21/2013,640
5/22/2013,658.5
5/23/2013,662
5/24/2013,657.25
5/28/2013,666.5
5/29/2013,665
5/30/2013,654.25
5/31/2013,662
6/3/2013,655.75
6/4/2013,660.5
6/5/2013,660.75
6/6/2013,663.25
6/7/2013,666.25
6/10/2013,650
6/11/2013,659.5
6/12/2013,650.75
6/13/2013,643.5
6/14/2013,655
6/17/2013,668.5
6/18/2013,673.25
6/19/2013,682.25
6/20/2013,673.25
6/21/2013,661.75
6/24/2013,653.25
6/25/2013,656.75
6/26/2013,664.5
6/27/2013,667.25
6/28/2013,679.25
7/1/2013,655.5
7/2/2013,672.75
7/3/2013,678.25
7/5/2013,684.75
7/8/2013,691.75
7/9/2013,704
7/10/2013,709.75
7/11/2013,716.75
7/12/2013,701.5
7/15/2013,536.25
7/16/2013,545.25
7/17/2013,538.5
7/18/2013,541
7/19/2013,544
7/22/2013,540.75
7/23/2013,522.5
7/24/2013,508.25
7/25/2013,496
7/26/2013,492
7/29/2013,489.25
7/30/2013,495.5
7/31/2013,499
8/1/2013,487.5
8/2/2013,476
8/5/2013,469.25
8/6/2013,472.25
8/7/2013,468.25
8/8/2013,473.5
8/9/2013,465.75
8/12/2013,472
8/13/2013,455.25
8/14/2013,464.75
8/15/2013,481.5
8/16/2013,473.75
8/19/2013,493.25
8/20/2013,483.75
8/21/2013,498
8/22/2013,487.5
8/23/2013,495.5
8/26/2013,515.75
8/27/2013,499.75
8/28/2013,504.25
8/29/2013,497.25
8/30/2013,495
9/3/2013,498
9/4/2013,494
9/5/2013,489.5
9/6/2013,491.5
9/9/2013,477.25
9/10/2013,474.75
9/11/2013,479.75
9/12/2013,479
9/13/2013,450
9/16/2013,456.5
9/17/2013,454
9/18/2013,456.25
9/19/2013,459.5
9/20/2013,451
9/23/2013,453.25
9/24/2013,448.75
9/25/2013,454.75
9/26/2013,456.75
9/27/2013,454
9/30/2013,441.5
10/1/2013,439
10/2/2013,439
10/3/2013,439.25
10/4/2013,443.25
10/7/2013,449.25
10/8/2013,441.75
10/9/2013,443.5
10/10/2013,438.25
10/11/2013,433.25
10/14/2013,437
10/15/2013,443.5
10/16/2013,442.75
10/17/2013,443
10/18/2013,441.5
10/21/2013,444
10/22/2013,438.25
10/23/2013,442.75
10/24/2013,440.25
10/25/2013,440
10/28/2013,430.75
10/29/2013,432
10/30/2013,430.25
10/31/2013,428.25
11/1/2013,427.25
11/4/2013,426.25
11/5/2013,425
11/6/2013,421.25
11/7/2013,420.5
11/8/2013,426.75
11/11/2013,434.75
11/12/2013,432.25
11/13/2013,429.75
11/14/2013,426.5
11/15/2013,422
11/18/2013,412
11/19/2013,417.75
11/20/2013,417
11/21/2013,423
11/22/2013,422.25
11/25/2013,424.75
11/26/2013,418.5
11/27/2013,417.25
11/29/2013,415.25
12/2/2013,416.5
12/3/2013,422
12/4/2013,425.5
12/5/2013,422.75
12/6/2013,424
12/9/2013,428.5
12/10/2013,427.5
12/11/2013,431.25
12/12/2013,428.25
12/13/2013,420.5
12/16/2013,423.25
12/17/2013,426.75
12/18/2013,425
12/19/2013,430.5
12/20/2013,433.25
12/23/2013,434.25
12/24/2013,434.5
12/26/2013,426.25
12/27/2013,427.5
12/30/2013,423.5
12/31/2013,422
1/2/2014,420.5
1/3/2014,423.5
1/6/2014,427.75
1/7/2014,426
1/8/2014,417
1/9/2014,412
1/10/2014,432.75
1/13/2014,434.5
1/14/2014,431.5
1/15/2014,425.75
1/16/2014,428
1/17/2014,424
1/21/2014,425
1/22/2014,426.25
1/23/2014,429
1/24/2014,429.5
1/27/2014,431.75
1/28/2014,432
1/29/2014,427.5
1/30/2014,433.5
1/31/2014,434
2/3/2014,435.75
2/4/2014,441.75
2/5/2014,443.25
2/6/2014,443
2/7/2014,444.25
2/10/2014,443
2/11/2014,441.5
2/12/2014,440
2/13/2014,440.5
2/14/2014,445.25
2/18/2014,449.5
2/19/2014,453.75
2/20/2014,455.75
2/21/2014,453
2/24/2014,451.5
2/25/2014,455.75
2/26/2014,455.5
2/27/2014,448
2/28/2014,457.5
3/3/2014,464
3/4/2014,476.75
3/5/2014,475.25
3/6/2014,485.75
3/7/2014,481
3/10/2014,472
3/11/2014,478
3/12/2014,484.25
3/13/2014,484.25
3/14/2014,472.25
3/17/2014,479
3/18/2014,486.25
3/19/2014,487.75
3/20/2014,478.5
3/21/2014,479
3/24/2014,490
3/25/2014,486.5
3/26/2014,484.5
3/27/2014,492
3/28/2014,492
3/31/2014,502
4/1/2014,507.5
4/2/2014,495.75
4/3/2014,500
4/4/2014,501.75
4/7/2014,499.25
4/8/2014,507
4/9/2014,502.25
4/10/2014,501.25
4/11/2014,498.5
4/14/2014,503
4/15/2014,503.75
4/16/2014,497.5
4/17/2014,494.75
4/21/2014,488.5
4/22/2014,496.25
4/23/2014,503.5
4/24/2014,501.25
4/25/2014,507
4/28/2014,507.75
4/29/2014,515.75
4/30/2014,514
5/1/2014,503.25
5/2/2014,494
5/5/2014,503.25
5/6/2014,513
5/7/2014,510.25
5/8/2014,513.25
5/9/2014,505
5/12/2014,497.5
5/13/2014,503.25
5/14/2014,494.75
5/15/2014,484.25
5/16/2014,483.5
5/19/2014,477.25
5/20/2014,473.5
5/21/2014,474.5
5/22/2014,476.75
5/23/2014,478
5/27/2014,469.75
5/28/2014,472.5
5/29/2014,469.5
5/30/2014,465.75
6/2/2014,465.5
6/3/2014,458.25
6/4/2014,456.25
6/5/2014,449
6/6/2014,459
6/9/2014,451
6/10/2014,445.5
6/11/2014,441
6/12/2014,444
6/13/2014,447
6/16/2014,441
6/17/2014,438.75
6/18/2014,441.5
6/19/2014,450.5
6/20/2014,453.25
6/23/2014,444.5
6/24/2014,443
6/25/2014,441
6/26/2014,442.75
6/27/2014,443
6/30/2014,424.25
7/1/2014,422.75
7/2/2014,418.5
7/3/2014,417
7/7/2014,409.25
7/8/2014,408.25
7/9/2014,404
7/10/2014,400.5
7/11/2014,399.75
7/14/2014,390.25
7/15/2014,374
7/16/2014,378.25
7/17/2014,379.5
7/18/2014,371.25
7/21/2014,364
7/22/2014,360.25
7/23/2014,362.5
7/24/2014,361.5
7/25/2014,363
7/28/2014,367.75
7/29/2014,361.5
7/30/2014,361.75
7/31/2014,357
8/1/2014,352.5
8/4/2014,358.75
8/5/2014,356.25
8/6/2014,363.25
8/7/2014,359.5
8/8/2014,351.75
8/11/2014,356.75
8/12/2014,358.5
8/13/2014,358
8/14/2014,362
8/15/2014,365.75
8/18/2014,360.75
8/19/2014,362.5
8/20/2014,359.5
8/21/2014,362.25
8/22/2014,365.5
8/25/2014,360
8/26/2014,356
8/27/2014,356
8/28/2014,361.75
8/29/2014,359
9/2/2014,355.75
9/3/2014,341.25
9/4/2014,335.75
9/5/2014,346.5
9/8/2014,339.25
9/9/2014,336.25
9/10/2014,338.75
9/11/2014,331.75
9/12/2014,339
9/15/2014,343
9/16/2014,343.75
9/17/2014,341.75
9/18/2014,338.25
9/19/2014,331.5
9/22/2014,330.25
9/23/2014,325.5
9/24/2014,329.5
9/25/2014,326
9/26/2014,323
9/29/2014,325.75
9/30/2014,320.75
10/1/2014,321.25
10/2/2014,322.75
10/3/2014,323.25
10/6/2014,332.5
10/7/2014,340.5
10/8/2014,343.25
10/9/2014,344.75
10/10/2014,334
10/13/2014,346
10/14/2014,357
10/15/2014,347.5
10/16/2014,352.25
10/17/2014,348
10/20/2014,348.25
10/21/2014,356
10/22/2014,353
10/23/2014,359.75
10/24/2014,353
10/27/2014,363
10/28/2014,364.5
10/29/2014,375.25
10/30/2014,374
10/31/2014,376.75
11/3/2014,373.5
11/4/2014,364.5
11/5/2014,370.25
11/6/2014,371.25
11/7/2014,367.5
11/10/2014,369.25
11/11/2014,373.75
11/12/2014,377.75
11/13/2014,386.25
11/14/2014,381.75
11/17/2014,377.5
11/18/2014,372
11/19/2014,363.25
11/20/2014,373.25
11/21/2014,372.75
11/24/2014,367.5
11/25/2014,374.25
11/26/2014,378.25
11/28/2014,375.75
12/1/2014,375.5
12/2/2014,367.75
12/3/2014,368.75
12/4/2014,376
12/5/2014,381.5
12/8/2014,377.5
12/9/2014,383
12/10/2014,382.5
12/11/2014,390
12/12/2014,396.25
12/15/2014,408.5
12/16/2014,406
12/17/2014,408.25
12/18/2014,411
12/19/2014,410.5
12/22/2014,411.75
12/23/2014,414
12/24/2014,407.75
12/26/2014,414.75
12/29/2014,412.75
12/30/2014,406.5
12/31/2014,397
1/2/2015,395.75
1/5/2015,406
1/6/2015,405
1/7/2015,396.25
1/8/2015,394.25
1/9/2015,400.25
1/12/2015,402
1/13/2015,385.75
1/14/2015,381
1/15/2015,380
1/16/2015,387
1/20/2015,390.25
1/21/2015,388
1/22/2015,383.75
1/23/2015,386.75
1/26/2015,384
1/27/2015,381.25
1/28/2015,373.25
1/29/2015,371.5
1/30/2015,370
2/2/2015,369.75
2/3/2015,385.75
2/4/2015,383.5
2/5/2015,385.25
2/6/2015,385.75
2/9/2015,391.25
2/10/2015,388
2/11/2015,385.75
2/12/2015,383
2/13/2015,387.25
2/17/2015,389.5
2/18/2015,383.75
2/19/2015,389.75
2/20/2015,385.25
2/23/2015,378.75
2/24/2015,377.5
2/25/2015,375.75
2/26/2015,380
2/27/2015,384.5
3/2/2015,378.75
3/3/2015,382
3/4/2015,381.5
3/5/2015,382.75
3/6/2015,379.25
3/9/2015,383.25
3/10/2015,382.25
3/11/2015,384
3/12/2015,382.25
3/13/2015,374
3/16/2015,379
3/17/2015,371
3/18/2015,374.75
3/19/2015,373.5
3/20/2015,385
3/23/2015,390.25
3/24/2015,393.25
3/25/2015,395
3/26/2015,391.25
3/27/2015,391
3/30/2015,394.5
3/31/2015,376.25
4/1/2015,381.75
4/2/2015,386.5
4/3/2015,386.5
4/6/2015,385
4/7/2015,383
4/8/2015,379.25
4/9/2015,378
4/10/2015,377
4/13/2015,370.5
4/14/2015,373.5
4/15/2015,376
4/16/2015,376.25
4/17/2015,379.75
4/20/2015,378
4/21/2015,373
4/22/2015,372.5
4/23/2015,370.75
4/24/2015,364.5
4/27/2015,360.75
4/28/2015,361
4/29/2015,363.75
4/30/2015,362.5
5/1/2015,359.75
5/4/2015,358.75
5/5/2015,361.25
5/6/2015,366.5
5/7/2015,357.75
5/8/2015,358.5
5/11/2015,358.25
5/12/2015,357
5/13/2015,356
5/14/2015,361
5/15/2015,365.5
5/18/2015,368
5/19/2015,362
5/20/2015,360
5/21/2015,365
5/22/2015,360
5/26/2015,355
5/27/2015,349.5
5/28/2015,353.5
5/29/2015,351.5
6/1/2015,352.25
6/2/2015,359
6/3/2015,359
6/4/2015,363.5
6/5/2015,360.5
6/8/2015,365.25
6/9/2015,365
6/10/2015,357.25
6/11/2015,356.5
6/12/2015,353
6/15/2015,348.25
6/16/2015,354
6/17/2015,359.25
6/18/2015,358
6/19/2015,353.25
6/22/2015,360
6/23/2015,367.5
6/24/2015,366.5
6/25/2015,376.5
6/26/2015,385
6/29/2015,383.25
6/30/2015,414
7/1/2015,413.75
7/2/2015,419.75
7/6/2015,418.5
7/7/2015,415.75
7/8/2015,416.25
7/9/2015,421.25
7/10/2015,427.25
7/13/2015,433.5
7/14/2015,424
7/15/2015,429.5
7/16/2015,430
7/17/2015,420.25
7/20/2015,405
7/21/2015,406.5
7/22/2015,402.75
7/23/2015,403.25
7/24/2015,392.5
7/27/2015,373
7/28/2015,375
7/29/2015,367.75
7/30/2015,373.25
7/31/2015,371
8/3/2015,366.5
8/4/2015,368.75
8/5/2015,372.75
8/6/2015,369.75
8/7/2015,372.75
8/10/2015,390.25
8/11/2015,376.5
8/12/2015,357.25
8/13/2015,363.75
8/14/2015,364
8/17/2015,363.25
8/18/2015,366.25
8/19/2015,367.25
8/20/2015,371
8/21/2015,365.25
8/24/2015,368.75
8/25/2015,365.5
8/26/2015,361.75
8/27/2015,363.75
8/28/2015,363.25
8/31/2015,363.75
9/1/2015,356
9/2/2015,354
9/3/2015,347.75
9/4/2015,349.5
9/8/2015,355
9/9/2015,356.5
9/10/2015,361.75
9/11/2015,374.5
9/14/2015,379
9/15/2015,390.5
9/16/2015,386
9/17/2015,379.75
9/18/2015,377.25
9/21/2015,384.5
9/22/2015,380.5
9/23/2015,383.25
9/24/2015,381.5
9/25/2015,389
9/28/2015,386.75
9/29/2015,389
9/30/2015,387.75
10/1/2015,388.75
10/2/2015,389.25
10/5/2015,393.5
10/6/2015,398.25
10/7/2015,395.75
10/8/2015,391.25
10/9/2015,382.75
10/12/2015,380.75
10/13/2015,384.5
10/14/2015,379
10/15/2015,375.5
10/16/2015,376.75
10/19/2015,373
10/20/2015,376.75
10/21/2015,380.75
10/22/2015,378.25
10/23/2015,379.75
10/26/2015,384.5
10/27/2015,380
10/28/2015,376
10/29/2015,380
10/30/2015,382.25
11/2/2015,376.5
11/3/2015,380.5
11/4/2015,380.5
11/5/2015,374.5
11/6/2015,373
11/9/2015,366.75
11/10/2015,359
11/11/2015,362.25
11/12/2015,362
11/13/2015,358.25
11/16/2015,360
11/17/2015,362
11/18/2015,361.75
11/19/2015,364.25
11/20/2015,363.25
11/23/2015,367.25
11/24/2015,364.25
11/25/2015,366
11/27/2015,359.25
11/30/2015,365
12/1/2015,367
12/2/2015,364
12/3/2015,370.25
12/4/2015,376.25
12/7/2015,368.5
12/8/2015,370
12/9/2015,371.75
12/10/2015,377.25
12/11/2015,373
12/14/2015,381.75
12/15/2015,377.25
12/16/2015,369.75
12/17/2015,374.25
12/18/2015,374.5
12/21/2015,372
12/22/2015,366.25
12/23/2015,365.5
12/24/2015,364.5
12/28/2015,361
12/29/2015,362.5
12/30/2015,359
12/31/2015,358.75
1/4/2016,351.5
1/5/2016,353
1/6/2016,353.25
1/7/2016,353
1/8/2016,357
1/11/2016,351.75
1/12/2016,356.75
1/13/2016,358
1/14/2016,358
1/15/2016,363.25
1/19/2016,367.75
1/20/2016,368.75
1/21/2016,367
1/22/2016,370.25
1/25/2016,369.75
1/26/2016,369.25
1/27/2016,369.25
1/28/2016,365.5
1/29/2016,372
2/1/2016,371.25
2/2/2016,372.5
2/3/2016,371
2/4/2016,368.5
2/5/2016,365.75
2/8/2016,362.25
2/9/2016,361
2/10/2016,360.25
2/11/2016,360.25
2/12/2016,358.75
2/16/2016,363
2/17/2016,367.25
2/18/2016,365.5
2/19/2016,365.5
2/22/2016,367.5
2/23/2016,362
2/24/2016,359.75
2/25/2016,355.5
2/26/2016,354.5
2/29/2016,353.5
3/1/2016,353.75
3/2/2016,354.5
3/3/2016,353.75
3/4/2016,354.5
3/7/2016,355
3/8/2016,358.75
3/9/2016,359
3/10/2016,362.5
3/11/2016,366
3/14/2016,366.75
3/15/2016,368.5
3/16/2016,368.25
3/17/2016,368.5
3/18/2016,367
3/21/2016,369.5
3/22/2016,370
3/23/2016,368.5
3/24/2016,370
3/28/2016,370.5
3/29/2016,373
3/30/2016,367
3/31/2016,351.5
4/1/2016,354
4/4/2016,354.5
4/5/2016,356.75
4/6/2016,358
4/7/2016,361.5
4/8/2016,362.25
4/11/2016,356.75
4/12/2016,362.75
4/13/2016,373.5
4/14/2016,374
4/15/2016,378.5
4/18/2016,381
4/19/2016,384.5
4/20/2016,394.75
4/21/2016,384.5
4/22/2016,371.75
4/25/2016,377
4/26/2016,382.25
4/27/2016,380.75
4/28/2016,387
4/29/2016,390.25
5/2/2016,390.25
5/3/2016,378.25
5/4/2016,373.25
5/5/2016,371.75
5/6/2016,376
5/9/2016,367.75
5/10/2016,378.5
5/11/2016,374
5/12/2016,385.25
5/13/2016,382
5/16/2016,394
5/17/2016,397
5/18/2016,399.5
5/19/2016,390
5/20/2016,394.5
5/23/2016,397.75
5/24/2016,397.5
5/25/2016,404.75
5/26/2016,408.25
5/27/2016,412.75
5/31/2016,404.75
6/1/2016,413.75
6/2/2016,415.25
6/3/2016,418.25
6/6/2016,427.25
6/7/2016,427.75
6/8/2016,431.25
6/9/2016,426.5
6/10/2016,423
6/13/2016,430
6/14/2016,436.5
6/15/2016,429
6/16/2016,425.25
6/17/2016,437.75
6/20/2016,421.25
6/21/2016,396.25
6/22/2016,393
6/23/2016,387.25
6/24/2016,384.5
6/27/2016,385.25
6/28/2016,385.25
6/29/2016,372.75
6/30/2016,358.75
7/1/2016,353
7/5/2016,344
7/6/2016,335.75
7/7/2016,335.5
7/8/2016,349.75
7/11/2016,343.75
7/12/2016,349.75
7/13/2016,365.75
7/14/2016,362.25
7/15/2016,352.25
7/18/2016,357
7/19/2016,341.75
7/20/2016,337.5
7/21/2016,334.25
7/22/2016,335
7/25/2016,334.75
7/26/2016,332.5
7/27/2016,335.75
7/28/2016,331.25
7/29/2016,334.5
8/1/2016,325.75
8/2/2016,324.25
8/3/2016,325
8/4/2016,320.75
8/5/2016,324.25
8/8/2016,325.25
8/9/2016,322.25
8/10/2016,322.5
8/11/2016,321
8/12/2016,322.25
8/15/2016,326.5
8/16/2016,327.5
8/17/2016,330.25
8/18/2016,332
8/19/2016,334.25
8/22/2016,333.25
8/23/2016,328.5
8/24/2016,327.5
8/25/2016,323.5
8/26/2016,316.25
8/29/2016,311.75
8/30/2016,304
8/31/2016,301.5
9/1/2016,311
9/2/2016,316.5
9/6/2016,316.75
9/7/2016,321
9/8/2016,327
9/9/2016,330
9/12/2016,329.25
9/13/2016,319.25
9/14/2016,322.25
9/15/2016,330
9/16/2016,337
9/19/2016,337.25
9/20/2016,340.5
9/21/2016,340
9/22/2016,336.75
9/23/2016,336.5
9/26/2016,329
9/27/2016,331.75
9/28/2016,329.25
9/29/2016,329.25
9/30/2016,336.75
10/3/2016,346
10/4/2016,348.25
10/5/2016,347.75
10/6/2016,340.5
10/7/2016,339.75
10/10/2016,343.25
10/11/2016,345.5
10/12/2016,337
10/13/2016,349.5
10/14/2016,354.25
10/17/2016,354
10/18/2016,353.75
10/19/2016,357.5
10/20/2016,351
10/21/2016,352.5
10/24/2016,348.25
10/25/2016,349.25
10/26/2016,354
10/27/2016,357.5
10/28/2016,355
10/31/2016,354.75
11/1/2016,349
11/2/2016,346.25
11/3/2016,348
11/4/2016,348.75
11/7/2016,346.25
11/8/2016,354.25
11/9/2016,340.75
11/10/2016,343.5
11/11/2016,340.25
11/14/2016,337.25
11/15/2016,341.5
11/16/2016,338.5
11/17/2016,342
11/18/2016,345.5
11/21/2016,349.75
11/22/2016,351
11/23/2016,350.75
11/25/2016,349.25
11/28/2016,348.5
11/29/2016,336.75
11/30/2016,336.75
12/1/2016,331.75
12/2/2016,337.5
12/5/2016,349.5
12/6/2016,351
12/7/2016,350.5
12/8/2016,346.5
12/9/2016,352.5
12/12/2016,354.5
12/13/2016,356.25
12/14/2016,351.75
12/15/2016,356.5
12/16/2016,356.25
12/19/2016,353.25
12/20/2016,350.25
12/21/2016,347.25
12/22/2016,347.25
12/23/2016,345.75
12/27/2016,355
12/28/2016,348.25
12/29/2016,349.75
12/30/2016,352
1/3/2017,355.75
1/4/2017,359.75
1/5/2017,361.25
1/6/2017,358
1/9/2017,360
1/10/2017,358.25
1/11/2017,357.25
1/12/2017,358.25
1/13/2017,358.5
1/17/2017,365.5
1/18/2017,365
1/19/2017,366.25
1/20/2017,369.75
1/23/2017,369.5
1/24/2017,363.25
1/25/2017,366.25
1/26/2017,363.75
1/27/2017,362.5
1/30/2017,357.75
1/31/2017,359.75
2/1/2017,368.25
2/2/2017,367.5
2/3/2017,365.25
2/6/2017,363.75
2/7/2017,368.5
2/8/2017,370.75
2/9/2017,369.5
2/10/2017,374.5
2/13/2017,375.5
2/14/2017,374.25
2/15/2017,378.75
2/16/2017,373.5
2/17/2017,368.25
2/21/2017,369.25
2/22/2017,371
2/23/2017,365.5
2/24/2017,364
2/27/2017,360.25
2/28/2017,366.75
3/1/2017,375.75
3/2/2017,372.75
3/3/2017,374.75
3/6/2017,372.75
3/7/2017,369.5
3/8/2017,365.25
3/9/2017,359.75
3/10/2017,358
3/13/2017,354.5
3/14/2017,353.75
3/15/2017,363.5
3/16/2017,366
3/17/2017,367.5
3/20/2017,363.5
3/21/2017,361.25
3/22/2017,358.75
3/23/2017,356.75
3/24/2017,356.25
3/27/2017,355.75
3/28/2017,357.75
3/29/2017,358.5
3/30/2017,357.5
3/31/2017,364.25
4/3/2017,367.75
4/4/2017,363
4/5/2017,364.75
4/6/2017,360.75
4/7/2017,359.5
4/10/2017,367
4/11/2017,366.5
4/12/2017,369
4/13/2017,371
4/17/2017,366.5
4/18/2017,361.75
4/19/2017,361.75
4/20/2017,357.75
4/21/2017,357
4/24/2017,359.25
4/25/2017,365
4/26/2017,359
4/27/2017,362
4/28/2017,358
5/1/2017,369.25
5/2/2017,364
5/3/2017,366.25
5/4/2017,358
5/5/2017,361.75
5/8/2017,356.75
5/9/2017,358.25
5/10/2017,365.25
5/11/2017,360.5
5/12/2017,361.75
5/15/2017,367.75
5/16/2017,367.75
5/17/2017,371.5
5/18/2017,366
5/19/2017,372.5
5/22/2017,375
5/23/2017,369.5
5/24/2017,371.25
5/25/2017,369.25
5/26/2017,374.25
5/30/2017,367
5/31/2017,372
6/1/2017,370.5
6/2/2017,372.75
6/5/2017,373
6/6/2017,377.25
6/7/2017,384.75
6/8/2017,385.75
6/9/2017,387.75
6/12/2017,377.25
6/13/2017,381
6/14/2017,377
6/15/2017,379.5
6/16/2017,384
6/19/2017,375.25
6/20/2017,370
6/21/2017,368.75
6/22/2017,362.75
6/23/2017,357.75
6/26/2017,359
6/27/2017,359.25
6/28/2017,356.75
6/29/2017,359.75
6/30/2017,370.5
7/3/2017,378
7/5/2017,381.75
7/6/2017,380.25
7/7/2017,382.25
7/10/2017,391.75
7/11/2017,392.25
7/12/2017,376.25
7/13/2017,361
7/14/2017,365.25
7/17/2017,375
7/18/2017,377
7/19/2017,382.5
7/20/2017,391
7/21/2017,379.75
7/24/2017,377.25
7/25/2017,368.75
7/26/2017,372.75
7/27/2017,374.25
7/28/2017,374.25
7/31/2017,370.75
8/1/2017,362.5
8/2/2017,365
8/3/2017,363.5
8/4/2017,366.5
8/7/2017,372.25
8/8/2017,369.75
8/9/2017,372.25
8/10/2017,357.25
8/11/2017,360.75
8/14/2017,362.75
8/15/2017,355.25
8/16/2017,352.5
8/17/2017,350.5
8/18/2017,352
8/21/2017,349
8/22/2017,346
8/23/2017,342
8/24/2017,342
8/25/2017,338.75
8/28/2017,336
8/29/2017,333.5
8/30/2017,329.5
8/31/2017,342.25
9/1/2017,340
9/5/2017,344.25
9/6/2017,347
9/7/2017,341.75
9/8/2017,344.25
9/11/2017,345.5
9/12/2017,340
9/13/2017,338.5
9/14/2017,341.75
9/15/2017,354.75
9/18/2017,351.5
9/19/2017,348.25
9/20/2017,350
9/21/2017,350.25
9/22/2017,353.5
9/25/2017,353.75
9/26/2017,352.25
9/27/2017,354
9/28/2017,352.5
9/29/2017,355.25
10/2/2017,351.5
10/3/2017,349.5
10/4/2017,348.25
10/5/2017,349.5
10/6/2017,350
10/9/2017,349.5
10/10/2017,349.25
10/11/2017,346
10/12/2017,349
10/13/2017,352.75
10/16/2017,350.5
10/17/2017,350
10/18/2017,348.5
10/19/2017,349
10/20/2017,344.5
10/23/2017,351.25
10/24/2017,352.75
10/25/2017,351
10/26/2017,350.5
10/27/2017,348.75
10/30/2017,348.75
10/31/2017,345.75
11/1/2017,348.25
11/2/2017,350.5
11/3/2017,348.25
11/6/2017,348
11/7/2017,347.75
11/8/2017,348.25
11/9/2017,341.5
11/10/2017,343.5
11/13/2017,342.25
11/14/2017,337.5
11/15/2017,338.25
11/16/2017,336.5
11/17/2017,343
11/20/2017,345
11/21/2017,345
11/22/2017,345.25
11/24/2017,342.25
11/27/2017,338.75
11/28/2017,336.25
11/29/2017,339
11/30/2017,341.75
12/1/2017,344.75
12/4/2017,339.5
12/5/2017,339.75
12/6/2017,339.25
12/7/2017,338.75
12/8/2017,340
12/11/2017,336.5
12/12/2017,335.75
12/13/2017,336.75
12/14/2017,336.25
12/15/2017,347.5
12/18/2017,347
12/19/2017,347.5
12/20/2017,349.25
12/21/2017,351.25
12/22/2017,352
12/26/2017,352.75
12/27/2017,353.75
12/28/2017,352
12/29/2017,350.75
1/2/2018,353.25
1/3/2018,353
1/4/2018,351
1/5/2018,351.25
1/8/2018,347.25
1/9/2018,349
1/10/2018,349
1/11/2018,348.75
1/12/2018,346.25
1/16/2018,348.25
1/17/2018,353
1/18/2018,351.5
1/19/2018,352.5
1/22/2018,352
1/23/2018,351.25
1/24/2018,356.5
1/25/2018,355.25
1/26/2018,356.5
1/29/2018,358.75
1/30/2018,361.5
1/31/2018,361.5
2/1/2018,361.75
2/2/2018,361.5
2/5/2018,358.75
2/6/2018,363.5
2/7/2018,365.25
2/8/2018,365.75
2/9/2018,362
2/12/2018,367
2/13/2018,366.75
2/14/2018,367.25
2/15/2018,367.75
2/16/2018,367.5
2/20/2018,365.5
2/21/2018,365.75
2/22/2018,366.75
2/23/2018,366.25
2/26/2018,368.5
2/27/2018,370.5
2/28/2018,374.5
3/1/2018,378.75
3/2/2018,377.25
3/5/2018,378.25
3/6/2018,379.75
3/7/2018,379.25
3/8/2018,385.75
3/9/2018,383
3/12/2018,384.25
3/13/2018,385.5
3/14/2018,383.5
3/15/2018,386.75
3/16/2018,382.75
3/19/2018,375
3/20/2018,374.5
3/21/2018,375
3/22/2018,376
3/23/2018,377.25
3/26/2018,374
3/27/2018,374
3/28/2018,373.5
3/29/2018,387.75
